timesteps,reward,rewD_sum,rewN_sum,rewP_sum,MD_sum,N_sum
2048,13.0795646,0,2.877328782,10.20223599,0,13.35432011
timesteps,reward,rewD_sum,rewN_sum,rewP_sum,MD_sum,N_sum
2048,16.2170427,0,3.403319507,12.81372323,0,16.89344809
4096,13.186524,0,2.472665209,10.71385896,0,12.94290099
6144,8.5979954,0,1.886674532,6.711320868,0,9.191496515
8192,9.3340326,0,2.344528073,6.989504378,0,10.64484618
10240,14.58998,0,3.377832304,11.2121477,0,15.03819552
12288,7.7205658,0,1.967735364,5.752830404,0,9.551483549
14336,12.7178717,0,3.013084291,9.704787306,0,14.24895267
16384,13.5744266,0,3.099379534,10.47504705,0,14.13031672
18432,21.2490476,0,4.357937424,16.89110989,0,21.86788105
20480,15.1011815,0,3.233812713,11.8673687,0,14.51038789
22528,14.7619522,0,3.271196908,11.4907553,0,15.8230396
24576,16.1681834,0,3.715677644,12.45250579,0,16.84336422
26624,16.3418537,0,3.251110057,13.09074368,0,16.23186496
28672,15.3165876,0,3.053523304,12.2630643,0,14.61346658
30720,14.9811043,0,3.427203653,11.55390061,0,16.06645085
32768,14.7330943,0,3.538837093,11.19425706,0,16.62822145
34816,9.1502084,0,2.089644659,7.06056364,0,9.91474546
36864,12.0314468,0,2.671731897,9.359714933,0,13.26084004
38912,19.9575737,0,3.871379797,16.08619393,0,20.45850925
40960,16.5498537,0,3.831458197,12.71839533,0,17.85714827
43008,12.0558879,0,3.184427334,8.871460562,0,14.98367083
45056,14.8552487,0,3.247241851,11.60800699,0,15.44057116
47104,14.420568,0,3.49430857,10.92625951,0,14.84385576
49152,16.3004082,0,3.829810462,12.47059766,0,17.29230313
51200,13.8623364,0,2.879049977,10.98328634,0,14.44477102
53248,12.2707701,0,2.621718023,9.649052002,0,12.41660238
55296,22.0701361,0,4.821426542,17.2487097,0,22.8255989
57344,11.998682,0,2.428052155,9.570629788,0,12.35006396
59392,20.3936821,0,4.82562141,15.56806066,0,20.57332237
61440,24.6970551,0,5.36805594,19.32899915,0,24.27405635
63488,14.0052575,0,3.498828182,10.50642929,0,15.56448072
65536,15.380795,0,3.444752054,11.9360429,0,17.09053309
67584,12.3206478,0,2.524749567,9.79589827,0,11.74577612
69632,15.5998659,0,3.599075191,12.00079069,0,17.6190114
71680,16.4977531,0,3.599197857,12.89855529,0,17.92423359
73728,15.5468649,0,2.97743477,12.56943003,0,16.07869232
75776,10.8080621,0,2.148562498,8.659499567,0,11.49837812
77824,13.6394109,0,3.048844994,10.5905659,0,14.65668701
79872,17.4223373,0,3.140783162,14.28155412,0,15.78263845
81920,18.0328668,0,3.209587168,14.8232796,0,17.4852619
83968,13.8253916,0,3.066267686,10.75912384,0,14.65419681
86016,26.1482256,0,4.857053832,21.2911717,0,23.90007317
88064,17.7999519,0,4.245045871,13.55490611,0,19.50549642
90112,21.9460994,0,4.522796096,17.42330331,0,20.97230065
92160,31.6571796,0,5.887170038,25.77000954,0,30.03427004
94208,13.9573992,0,3.05678116,10.90061817,0,14.26659092
96256,17.5799076,0,3.839996145,13.73991138,0,18.02712245
98304,28.0509648,0,4.846760542,23.20420432,0,25.31285048
100352,10.7347498,0,2.571236766,8.163513149,0,12.16847237
102400,23.7465077,0,4.855073901,18.89143375,0,23.70658497
104448,14.7475206,0,3.327836471,11.41968413,0,15.64321685
106496,20.8676019,0,4.080953727,16.78664836,0,21.24577257
108544,28.7774916,0,5.608434729,23.16905689,0,27.59405636
110592,20.9827607,0,4.591659969,16.39110067,0,21.85982719
112640,31.9886091,0,5.897124036,26.09148494,0,29.5092589
114688,17.592108,0,3.51031535,14.08179257,0,17.47857208
116736,34.4920824,0,6.705225493,27.7868569,0,31.89975104
118784,16.596831,0,3.801935667,12.79489531,0,16.9548747
120832,29.1810641,0,6.211159547,22.96990454,0,29.15974081
122880,35.7666344,0,6.572792281,29.19384191,0,32.31885368
124928,44.5141809,0,9.024304671,35.48987636,0,41.77844964
126976,21.7321093,0,4.693881536,17.03822773,0,22.88186117
129024,19.8287832,0,3.732434509,16.09634858,0,19.80012918
131072,20.0007613,0,4.041415467,15.95934579,0,20.77877965
133120,24.4172122,0,4.589562144,19.82764999,0,24.79459473
135168,36.6310788,0,6.086786482,30.54429226,0,32.66433231
137216,23.2987853,0,4.856361821,18.44242352,0,22.96283896
139264,17.4717597,0,3.669993557,13.80176606,0,17.81673841
141312,30.0622028,0,5.595430999,24.46677164,0,28.00861384
143360,21.0886409,0,4.331971928,16.75666893,0,20.17159285
145408,17.0003602,0,3.886437276,13.11392284,0,18.38907288
147456,15.4062701,0,3.425141574,11.98112866,0,16.12824029
149504,31.9767345,0,5.985268283,25.99146607,0,28.2570949
151552,25.2967673,0,5.206155348,20.0906121,0,23.07369039
153600,52.3380294,0,10.52554617,41.81248335,0,44.16771025
155648,18.0157763,0,3.822035855,14.19374052,0,17.73565238
157696,39.88597,0,7.70251587,32.18345429,0,35.25073875
159744,30.743222,0,6.44886752,24.29435457,0,28.96501235
161792,44.5305896,0,8.73632248,35.79426724,0,39.09508342
163840,46.5772804,0,7.979762782,38.59751764,0,40.64423906
167936,36.696002199999995,0.0,6.399382268474927,30.296619850000003,0.0,32.76221519260393
169984,39.905785699999996,0.0,6.740089020440585,33.165696606,0.0,35.83235554013778
172032,37.9099081,0.0,6.004555924764857,31.905352184,0.0,31.933026286114746
174080,36.9728246,0.0,6.691384857196837,30.281439805,0.0,33.03110782847313
176128,35.7433027,0.0,6.142528024311581,29.600774574000003,0.0,33.32741075407084
178176,37.5156996,0.0,7.032064287833997,30.483635217999996,0.0,32.084814384502224
180224,42.5172151,0.0,8.137627626022493,34.37958748999999,0.0,36.22964821826353
182272,43.785457300000004,0.0,8.08040552600906,35.7050518607,0.0,37.328878366161746
184320,40.781351799999996,0.0,7.7620646242355535,33.01928714099999,0.0,35.59771448986847
186368,28.919719200000003,0.0,5.670577820129756,23.249141506,0.0,26.53109448809507
188416,34.1599436,0.0,6.186899571902439,27.9730441247,0.0,29.593144725774998
190464,52.1708801,0.0,8.634152191239405,43.536727848,0.0,44.218544367470656
192512,24.5911849,0.0,5.343249159883283,19.247935759,0.0,23.14194010077807
194560,42.1952313,0.0,8.094568464093,34.100662772,0.0,36.759003015005376
196608,52.6804711,0.0,9.028173500783325,43.652297723000004,0.0,45.638391629056954
198656,32.5688853,0.0,6.598609951268334,25.970275381700002,0.0,29.03002004205439
200704,52.05298939999999,0.0,8.651194848121389,43.4017944027,0.0,42.96361678124542
202752,51.8431008,0.0,9.64923793062697,42.193862834,0.0,44.11783691786025
204800,23.1215099,0.0,4.881765149822405,18.239744766999998,0.0,19.97992516516082
206848,54.6226141,0.0,9.873595466501182,44.749018538,0.0,47.505975460481054
208896,32.1494369,0.0,6.270323289690699,25.879113497000002,0.0,31.801317847308344
210944,44.9781538,0.0,7.607103806553075,37.371050065999995,0.0,39.129161303927425
212992,28.4121908,0.0,5.205376028992659,23.2068148437,0.0,23.361578108709192
215040,33.5707063,0.0,6.503331948406094,27.067374474,0.0,31.841086619953085
217088,56.68629920000001,0.0,10.18846410985726,46.49783516,0.0,48.66157379316586
219136,26.252017000000002,0.0,5.611392939071047,20.640623963000003,0.0,22.92863498533261
221184,36.9664197,0.0,6.516296343459435,30.450123301999998,0.0,30.4647821856963
223232,52.6009493,0.0,9.410153859899461,43.190795409,0.0,46.2325993933627
225280,48.0680366,0.0,8.582113198578053,39.485923525800004,0.0,41.076883723448574
227328,55.800771299999994,0.0,10.713636703667166,45.087134505,0.0,45.088577303193134
229376,52.21796500000001,0.0,9.816597384559614,42.401367552299995,0.0,42.77067551966021
231424,56.31541500000001,0.0,11.813807137591477,44.501607676199995,0.0,47.181667352604165
233472,53.4140522,0.0,9.969259686797951,43.444792576000005,0.0,44.67104085128772
235520,43.067323699999996,0.0,8.606553148264766,34.46077059049999,0.0,36.23097200232579
237568,63.27082320000001,0.0,11.897465536908385,51.37335769,0.0,51.87875165367336
239616,46.7629386,0.0,8.56072090748259,38.202217642799994,0.0,40.093019569827014
241664,49.549484,0.0,8.59920737314919,40.950276733,0.0,42.10106831018159
243712,45.4673448,0.0,7.5665665587263735,37.9007782237,0.0,39.41056288162543
245760,44.2865667,0.0,8.28862860317661,35.997937993,0.0,37.818915033654854
247808,40.2715834,0.0,6.805781811370167,33.46580156899999,0.0,34.62355157793893
249856,71.2581888,0.0,12.46881267072319,58.78937607,0.0,60.10253983297904
251904,45.9182858,0.0,8.39850152137775,37.519784410999996,0.0,38.05301411179527
253952,39.7866645,0.0,7.572371993079517,32.214292393,0.0,37.046023565754616
256000,52.8461902,0.0,9.365174821305517,43.481015508999995,0.0,44.76324723611759
258048,41.7886118,0.0,7.605842411328146,34.182769476000004,0.0,37.16236645144425
260096,28.7210438,0.0,6.008585440791352,22.7124583093,0.0,25.7820609296298
262144,51.37414729999999,0.0,9.279167229092916,42.094980050000004,0.0,41.54739433685417
264192,29.815303200000006,0.0,5.9263171589599475,23.8889860888,0.0,26.86159593884228
266240,41.57630110000001,0.0,7.599107598348292,33.97719344,0.0,35.49017644291458
268288,61.05330479999999,0.0,11.388574935872033,49.664729914999995,0.0,50.214532328398356
270336,41.2780255,0.0,7.493692045846942,33.784333389,0.0,35.39853124351992
272384,62.60229819999999,0.0,11.478488202704469,51.1238099753,0.0,51.96631250083067
274432,45.9043287,0.0,8.709877691427028,37.194451037,0.0,40.331944538849754
276480,35.0976837,0.0,7.196115744372165,27.9015678347,0.0,30.619042536703006
278528,39.2428969,0.0,7.474387718626181,31.768509270699997,0.0,34.269747727026164
280576,55.3443544,0.0,9.646529815209785,45.697824669,0.0,45.06636660048341
282624,41.5616274,0.0,7.695855206018512,33.865772164,0.0,34.75988748898249
284672,44.396029399999996,0.0,7.787957371287175,36.608072168,0.0,36.80503206440948
286720,37.138671800000004,0.0,6.892159228748544,30.246512578,0.0,33.40580299194413
288768,44.113318199999995,0.0,7.992218447288901,36.121099822999994,0.0,40.23858995287931
290816,26.4685876,0.0,4.773530108185493,21.695057505,0.0,24.47622179058761
292864,26.113280000000003,0.0,4.772883506861524,21.340396512999998,0.0,23.845561803860306
294912,35.8976786,0.0,6.32280030571423,29.574878365,0.0,28.393468396060843
296960,46.922185400000004,0.0,7.975917962051109,38.946267348,0.0,38.7210852888947
299008,37.0717676,0.0,7.692956082530631,29.3788116,0.0,33.744537224772344
301056,39.1777022,0.0,7.98109891532105,31.196603419999995,0.0,33.45894898722138
303104,46.6056992,0.0,8.216315191256774,38.38938414,0.0,39.337519464552585
305152,60.94112170000001,0.0,10.457946574887023,50.4831751457,0.0,50.13276974302744
307200,60.6171255,0.0,9.927958812015081,50.689166701,0.0,49.843905397750994
309248,38.6168212,0.0,6.163366122049587,32.45345514,0.0,32.1031286384129
311296,49.0209175,0.0,9.225195897590728,39.7957217703,0.0,41.40869225462041
313344,45.260067299999996,0.0,7.575816694061925,37.684250696,0.0,37.39694522264639
315392,69.7736219,0.0,12.2832827109079,57.490339115,0.0,56.35703258813237
317440,59.87048420000001,0.0,10.445328950758839,49.425155234,0.0,49.53807754811603
319488,21.551441399999998,0.0,4.544472070587576,17.0069694735,0.0,20.30796092876323
321536,47.0511962,0.0,8.582496447027447,38.4686997,0.0,41.72496851663489
323584,58.93430629999999,0.0,10.967201280511102,47.96710499,0.0,47.83318401543786
325632,42.4696613,0.0,7.841758118179004,34.627903149,0.0,37.2167626107293
327680,51.015437799999994,0.0,9.24723378310301,41.768203989,0.0,42.92376727947489
329728,53.320108000000005,0.0,9.423798060875772,43.896309799,0.0,43.568500567842825
331776,62.1345256,0.0,11.644056217874594,50.49046947,0.0,51.013966977810576
333824,46.0341811,0.0,8.140643261449533,37.89353797,0.0,38.63357038277905
335872,53.9547674,0.0,9.963688526529277,43.991078894,0.0,46.172390998547534
337920,95.6175693,0.0,15.829903680480038,79.7876655037,0.0,73.266910121958
339968,51.5631941,0.0,10.06329326154491,41.4999008194,0.0,44.16408274004552
342016,64.8206429,0.0,11.544031505175562,53.27661140900001,0.0,54.0273627929604
344064,46.7740976,0.0,8.303016274526197,38.471081385,0.0,39.220817402735705
346112,27.2941073,0.0,5.895845957389862,21.39826139,0.0,25.850429579420187
348160,40.991612499999995,0.0,7.733211485268434,33.2584009424,0.0,35.72354693753921
350208,50.658194800000004,0.0,8.860486793928143,41.797707866,0.0,42.67799547167677
352256,64.1164919,0.0,11.204910069150477,52.911581778000006,0.0,52.40490649518978
354304,64.1938081,0.0,10.702344616359706,53.491463470999996,0.0,51.566886397037635
356352,52.520961899999996,0.0,8.980113015349147,43.540848824,0.0,44.61798730225742
358400,33.1657439,0.0,5.869731551417362,27.2960125,0.0,27.645110792782532
360448,62.6053859,0.0,10.30675738139839,52.29862837,0.0,50.48242737493585
362496,88.81743760000002,0.0,15.519873846756042,73.29756393400001,0.0,70.89179669526813
364544,67.67293749999999,0.0,10.96759580802576,56.705341804,0.0,56.214545829113646
366592,93.93646590000002,0.0,15.038940450686159,78.89752548599999,0.0,74.23322322292375
368640,60.52498310000001,0.0,10.62390232006548,49.901080650699996,0.0,49.89298049085859
370688,72.6218757,0.0,12.525629816784045,60.09624593399999,0.0,61.10698214730329
372736,54.0657059,0.0,10.465705817191346,43.6,0.0,45.53948545765659
374784,89.615681,0.0,15.008207462907794,74.607473383,0.0,72.2852055732305
376832,41.8563854,0.0,7.634606627350477,34.221778734,0.0,37.07037961796904
378880,79.5444797,0.0,13.35098043426253,66.19349929,0.0,64.51473942453694
380928,56.237414500000014,0.0,9.638544889879656,46.59886973059999,0.0,46.75962840874003
382976,67.9755137,0.0,12.351718283180102,55.623795544,0.0,54.70122780370177
385024,46.415489599999994,0.0,8.01548955238501,38.4,0.0,38.62956150724808
387072,64.7867295,0.0,12.684986224684597,52.101743072,0.0,50.69822887938766
389120,56.6556993,0.0,10.754813405845546,45.900885871999996,0.0,45.81701533325092
391168,42.7503985,0.0,8.246425924941546,34.5039727378,0.0,34.74490551438326
393216,41.8187664,0.0,8.318730507026237,33.50003591549999,0.0,36.27713096321548
395264,82.7020817,0.0,14.804866281940178,67.897215344,0.0,63.28069000058648
397312,52.92495769999999,0.0,9.45090639821232,43.47405142,0.0,41.95058489526013
399360,64.9409852,0.0,11.241718906317507,53.699266349999995,0.0,52.39224050899101
401408,69.4669792,0.0,12.869400661715204,56.597578616999996,0.0,56.787940281844854
403456,48.216691600000004,0.0,8.41946279312948,39.797228808,0.0,37.35968868978809
405504,36.0758314,0.0,6.580927771474452,29.494903729999997,0.0,30.06418605205649
407552,71.6876051,0.0,12.618211524095619,59.0693936,0.0,57.792805592665545
409600,45.443364,0.0,7.746030483591883,37.697333524,0.0,37.01605609967576
411648,82.24115950000001,0.0,14.191315655224454,68.049843764,0.0,66.16075656279135
413696,52.8697353,0.0,9.173138205550643,43.696596994000004,0.0,44.030243932266316
415744,62.7127326,0.0,10.614081418433356,52.09865126,0.0,50.35191163410268
417792,49.771541299999996,0.0,8.677330744912222,41.09421062,0.0,41.390300930377265
419840,60.508676300000005,0.0,11.909866405983003,48.598809814000006,0.0,51.281267778940176
421888,72.7220997,0.0,12.750275898000378,59.971823861,0.0,58.77502607130882
423936,65.2599545,0.0,10.756947312500085,54.5030071473,0.0,51.641673780822586
425984,76.09385,0.0,13.195039010662956,62.898811120000005,0.0,60.15534359522319
428032,82.9396959,0.0,13.243653850555395,69.696041954,0.0,66.4225333160834
430080,64.0875496,0.0,11.688903177093582,52.39864643999999,0.0,53.860093883484204
432128,77.1490345,0.0,13.050998696473794,64.098035705,0.0,61.715574940254115
434176,83.0990209,0.0,14.899020789392832,68.2,0.0,66.18333539150062
436224,80.80724699999999,0.0,13.908120665512829,66.899126456,0.0,64.35380975812676
438272,45.91729439999999,0.0,8.220259194211199,37.697035144,0.0,36.580975965367756
440320,70.55550360000001,0.0,12.356496703359927,58.199007030000004,0.0,56.32151365867344
442368,47.2875763,0.0,8.89090406950032,38.39667222,0.0,39.3248329116595
444416,59.023159,0.0,10.231868655992525,48.791290335,0.0,46.47257211240873
446464,66.4096937,0.0,11.8206119390703,54.58908185,0.0,50.79473457734804
448512,71.5914899,0.0,12.500854833851855,59.09063516,0.0,57.86961730359801
450560,72.12267940000001,0.0,14.624340176555322,57.498339104,0.0,57.833596641731205
452608,75.6949342,0.0,12.903238761478594,62.79169554,0.0,58.98076251067373
454656,56.1531385,0.0,10.26352395699137,45.889614516,0.0,48.0497072856667
456704,48.699012499999995,0.0,8.47359551353536,40.225416944,0.0,39.16942278605394
458752,66.5600544,0.0,10.561264873651943,55.99878949,0.0,53.00716515691389
460800,80.6939439,0.0,12.997242288673334,67.696701534,0.0,62.798848656468486
462848,83.2576079,0.0,14.259979527651362,68.997628214,0.0,66.50072825057494
464896,69.5731517,0.0,11.395075930892546,58.17807579,0.0,56.41272033127558
466944,53.531326,0.0,9.504451117331573,44.026875004,0.0,43.56119883385106
468992,60.08673700000001,0.0,11.595002079896013,48.491734910000005,0.0,48.03326796145852
471040,63.196993600000006,0.0,9.997720493230258,53.199273219999995,0.0,52.844237976164905
473088,78.8876804,0.0,15.08879697419582,63.798883384,0.0,64.53049606405078
475136,40.99109370000001,0.0,8.088233817250792,32.902859962,0.0,37.32328052290858
477184,44.898811800000004,0.0,7.8410029187233565,37.057808984000005,0.0,37.026164571955405
479232,74.2163074,0.0,11.725540306614066,62.490766929,0.0,59.11753748424004
481280,57.46350809999999,0.0,9.764118720559813,47.69938932,0.0,45.92892145447957
483328,57.91333540000001,0.0,10.612382575618764,47.300952667999994,0.0,48.2958772073661
485376,59.082349199999996,0.0,9.874302334974113,49.208046933000006,0.0,46.44253905351334
487424,65.19909070000001,0.0,12.475644871591873,52.723445866,0.0,53.09945576766478
489472,70.4800017,0.0,11.780001645816615,58.7,0.0,56.22211707893797
491520,55.6493573,0.0,10.251037565516643,45.39831979,0.0,45.216460125823986
493568,54.444771700000004,0.0,10.132443049589734,44.312328664,0.0,43.58450501051066
495616,69.6284485,0.0,13.428448535184376,56.2,0.0,56.63798820358475
497664,59.2519588,0.0,10.906717649046183,48.34524123999999,0.0,47.53815608944116
499712,58.54870509999999,0.0,10.956385457884895,47.592319556,0.0,46.75781858864657
501760,46.448586199999994,0.0,7.918670688067512,38.5299155377,0.0,38.51392946886336
503808,67.53980349999999,0.0,12.626615193137477,54.91318819400001,0.0,53.406158936432895
505856,63.0090056,0.0,10.91786057131779,52.09114504,0.0,49.81981567002091
507904,64.6970361,0.0,10.904476070663796,53.792560005,0.0,50.06649024110756
509952,55.362926200000004,0.0,9.664297909990418,45.69862837,0.0,43.33680708232454
512000,72.41284669999999,0.0,14.314416733755305,58.09842989,0.0,57.83682725951023
514048,63.954046300000016,0.0,12.15986886018039,51.79417751799999,0.0,51.67186760136925
516096,75.2540582,0.0,14.844145058758295,60.40991317,0.0,59.42711708897034
518144,68.99502679999999,0.0,11.797437094807849,57.19758957399999,0.0,56.200395429771675
520192,88.34545539999999,0.0,15.645455392018814,72.7,0.0,66.50012044449673
522240,91.364556,0.0,16.172437360704613,75.192118674,0.0,69.60495301321745
524288,68.11369119999999,0.0,13.30941262833909,54.80427872400001,0.0,55.643357998561314
526336,62.61329810000001,0.0,11.9149946767844,50.698303574,0.0,50.412353200256874
528384,83.79458220000001,0.0,15.089571819346489,68.7050104413,0.0,62.92106278947615
530432,52.4597268,0.0,7.763781304562135,44.695945684,0.0,41.33495821462067
532480,76.6422053,0.0,13.844026173019548,62.79817913000001,0.0,61.633464503141475
534528,91.1784741,0.0,15.8829383184485,75.29553572,0.0,71.33506573492693
536576,74.1623407,0.0,11.373647878860693,62.78869291000001,0.0,57.86563926555832
538624,64.1796827,0.0,11.78204084937328,52.397642104,0.0,50.823031858894396
540672,75.9918893,0.0,12.599657596104413,63.392231668,0.0,61.538719024471256
542720,61.11710780000001,0.0,10.223608560081356,50.89349929,0.0,48.27870519293676
544768,58.6536272,0.0,10.586059906196649,48.06756716700001,0.0,48.496326163328696
546816,82.17424059999999,0.0,14.382201099595704,67.792039625,0.0,64.90795546636552
548864,70.19253149999999,0.0,12.288516670868145,57.90401491299999,0.0,55.62421832673325
550912,84.36603090000001,0.0,13.867904260276887,70.49812671,0.0,67.14285229902211
552960,65.0500411,0.0,10.25067308376185,54.79936801,0.0,51.38529632337302
555008,87.30651680000001,0.0,13.70651678558231,73.6,0.0,71.08360199186771
557056,84.9164375,0.0,14.621564450427623,70.29487307,0.0,68.40218035139745
559104,63.10449090000001,0.0,10.805607594161213,52.298883384,0.0,51.4573943890215
561152,64.85237800000002,0.0,10.656336169083577,54.196041953999995,0.0,53.763935699508295
563200,81.58802460000001,0.0,13.082846088584635,68.5051785607,0.0,67.6085814926515
565248,68.53898720000001,0.0,11.177970916966244,57.361016410000005,0.0,55.069985900375606
567296,74.64881229999999,0.0,11.75050870061364,62.898303573999996,0.0,59.29607302487052
569344,76.81042870000002,0.0,11.81122406214773,64.999204856,0.0,58.864668320498254
571392,98.0690786,0.0,15.968733532918217,82.1003451247,0.0,76.48507094940888
573440,63.54595489999999,0.0,10.34722716970129,53.198727605,0.0,51.17286367781797
575488,94.5586017,0.0,15.66226243898287,78.896339255,0.0,75.41832553183454
577536,77.7129927,0.0,12.914557364460288,64.798435427,0.0,62.256483820432535
579584,60.097471600000006,0.0,10.305191995125845,49.79227965,0.0,48.534890014925665
581632,89.3244552,0.0,13.92445529343558,75.4,0.0,70.34457542177019
583680,93.6356059,0.0,15.07146862174199,78.564137214,0.0,74.89621683569285
585728,88.9450008,0.0,14.152440819989199,74.792560005,0.0,67.75561722010778
587776,75.3927955,0.0,12.11535997145592,63.277435469,0.0,60.15925208983456
589824,90.77650809999999,0.0,15.277389096103438,75.49911905500001,0.0,73.70958145518594
591872,96.6816922,0.0,15.283115799755857,81.39857644,0.0,72.94227399788743
593920,72.6532858,0.0,11.806134259742091,60.847151604,0.0,58.229210822070264
595968,42.9016948,0.0,8.703917234824264,34.197777454000004,0.0,35.790839044354975
598016,67.2507136,0.0,11.25368479183391,55.997028864,0.0,52.95947506351835
600064,73.8896264,0.0,13.595018020952162,60.29460836999999,0.0,56.69696951767605
602112,69.2961844,0.0,12.30436412662793,56.991820365,0.0,55.56939719825374
604160,58.8654327,0.0,9.853196238958606,49.012236267999995,0.0,46.174423258268725
606208,91.0016672,0.0,13.896756477272083,77.104910714,0.0,69.29889247475028
608256,70.96015930000002,0.0,11.670589289060647,59.289570119,0.0,57.82248195445125
610304,72.7492767,0.0,11.950725217701894,60.798551558999996,0.0,58.77751775842687
612352,77.3071561,0.0,12.008780598223137,65.29837551,0.0,63.79715890098695
614400,61.4105775,0.0,10.01374856414801,51.396828875699995,0.0,50.04907866847532
616448,67.39392900000001,0.0,11.40266170780615,55.99126715,0.0,53.106202277245714
618496,49.603334600000004,0.0,8.515318769264198,41.088015819999995,0.0,42.67751586369539
620544,83.6735562,0.0,12.947872256680323,70.725683922,0.0,62.703908973827446
622592,68.16628419999999,0.0,10.97010647338883,57.19617786399999,0.0,53.75018233544118
624640,62.53786339999999,0.0,9.745107581445243,52.792755738,0.0,49.20900671988362
626688,72.1467124,0.0,12.639727272459066,59.506984958700016,0.0,56.0555299325415
628736,75.38081989999999,0.0,12.383974364525319,62.996845519,0.0,56.14400018837407
630784,62.1535758,0.0,12.256157197889078,49.897418616,0.0,46.58548887266211
632832,85.35255520000001,0.0,14.907615197112879,70.444940102,0.0,64.60215438441332
634880,67.80366240000001,0.0,12.243663215792717,55.55999924800001,0.0,51.95012084276302
636928,76.1711225,0.0,13.573086928005893,62.59803570500001,0.0,58.46260059282965
638976,63.104400599999984,0.0,11.41109885039735,51.69330174500001,0.0,49.556758916204345
641024,89.39637110000001,0.0,15.198303419063743,74.19806766500001,0.0,67.49646920174186
643072,56.6354946,0.0,9.720145439228762,46.915349188,0.0,44.44380709893666
645120,72.8848091,0.0,13.5886580740405,59.296150908,0.0,58.075916575070096
647168,48.2158241,0.0,8.729964077121597,39.48585992,0.0,37.40380193061322
649216,39.757878700000006,0.0,6.959250313927998,32.79862837,0.0,30.076154591116666
651264,67.89243069999999,0.0,11.992987510414135,55.89944310999999,0.0,52.10146146861024
653312,85.9516707,0.0,14.346492122688991,71.60517856070001,0.0,63.52635294646639
655360,97.1022141,0.0,16.80566574146798,80.29654822,0.0,75.21704011241644
657408,62.182427399999995,0.0,9.98305939605185,52.19936801,0.0,50.29305819690041
659456,72.80141859999999,0.0,10.703650799475316,62.09776786,0.0,55.424753638810714
661504,59.0675073,0.0,8.943789144620236,50.123718269,0.0,48.08222246470915
663552,71.0161877,0.0,10.317128375908613,60.69905943,0.0,57.22604650608147
665600,62.202563299999994,0.0,9.807152747012548,52.395410453,0.0,50.64173352690746
667648,73.093249,0.0,11.493880948281758,61.59936801,0.0,54.59695515575934
669696,81.47990339999998,0.0,13.182056734963862,68.29784681499999,0.0,63.40575984118111
671744,83.3707218,0.0,12.770721664858026,70.6,0.0,65.1161008397517
673792,76.2668947,0.0,12.170505793936094,64.09638876,0.0,59.57899312233853
675840,66.8753832,0.0,10.077960223717497,56.79742287399999,0.0,52.1953932351279
677888,97.32954550000001,0.0,14.629545461392482,82.7,0.0,73.71672567244158
679936,69.45325600000001,0.0,11.650784646078712,57.8024712123,0.0,54.516030004221
681984,52.547803699999996,0.0,8.9759855447907,43.571818193,0.0,40.99199745004533
684032,68.3914166,0.0,12.896512851125786,55.49490373,0.0,52.27117178723665
686080,67.5291301,0.0,11.594334714328916,55.934795433,0.0,52.45718022957851
688128,49.927693600000005,0.0,9.519435144465476,40.408258609,0.0,39.55238112040762
690176,68.1055801,0.0,10.812214061976093,57.29336617,0.0,51.932935987228994
692224,88.3294895,0.0,13.231667083857804,75.09782240000001,0.0,66.81093322524596
694272,66.667806,0.0,11.268150874478442,55.399655014,0.0,51.365035721863556
696320,95.7884606,0.0,14.690692766159083,81.09776786,0.0,68.61642540623829
698368,96.9316336,0.0,16.1332060024176,80.79842744,0.0,72.72617166655697
700416,89.1300887,0.0,14.630645516971043,74.49944311,0.0,66.455953122482
702464,97.92275500000001,0.0,15.723915666202089,82.19883927000001,0.0,74.03370978208363
704512,75.4088892,0.0,12.611385938726643,62.79750326,0.0,58.72268150480924
706560,65.9565938,0.0,10.561463657575246,55.395130241000004,0.0,50.248430265205265
708608,85.78653340000001,0.0,15.707996127270746,70.0785373167,0.0,64.97410859295769
710656,87.79132010000001,0.0,14.302705712778856,73.48861441599999,0.0,65.89345336963103
712704,83.5300263,0.0,14.23271470709731,69.29731162,0.0,61.78306858563292
714752,65.95587040000001,0.0,10.251699180995988,55.704171074,0.0,51.04044713471654
716800,74.7505819,0.0,11.472930793174674,63.27765101999999,0.0,56.000852429048415
718848,64.30817449999999,0.0,10.19750112931687,54.110673245,0.0,48.131302063431114
720896,90.5497699,0.0,14.549770000529898,76.0,0.0,68.49222101708688
722944,84.23465499999999,0.0,13.636351501867779,70.598303574,0.0,62.66413328764081
724992,97.9681569,0.0,14.468156839181498,83.5,0.0,70.34984722077704
727040,96.4186972,0.0,15.318697258784123,81.1,0.0,71.97438067876398
729088,80.8529095,0.0,14.25954918965102,66.59336017000001,0.0,61.14104291087508
731136,64.31232150000001,0.0,10.320663736336817,53.991657853999996,0.0,48.79570040100471
733184,65.4103509,0.0,10.11753554175269,55.29281536999999,0.0,49.941517436952566
735232,64.0086793,0.0,10.610875814990365,53.39780338400001,0.0,49.97677074355609
737280,67.02932549999998,0.0,11.698312428992402,55.331013161,0.0,53.24819963881505
739328,95.1010302,0.0,16.301030034972325,78.8,0.0,68.63927101494795
741376,76.0725363,0.0,11.67322018482016,64.39931607999999,0.0,53.79291416312611
743424,69.5680103,0.0,11.668010158429215,57.9,0.0,51.97626028587966
745472,72.1463378,0.0,12.64633777111269,59.5,0.0,55.348308820311956
747520,76.9219513,0.0,12.72588824618413,64.196063016,0.0,56.212549005094026
749568,95.69034989999999,0.0,16.396691123219338,79.29365886000001,0.0,69.24721224401944
751616,89.2316611,0.0,14.532385406163812,74.699275705,0.0,65.7611021194277
753664,63.07384400000001,0.0,10.501219409615391,52.572624477,0.0,45.353677468779985
755712,81.7051644,0.0,12.899986729146558,68.80517756399999,0.0,61.93027796883173
757760,87.34539900000001,0.0,13.645956074016988,73.69944310999999,0.0,63.7453232155175
759808,56.570824300000005,0.0,8.8808764236658,47.689947836,0.0,42.325662661722575
761856,83.21972559999999,0.0,12.620285822045187,70.59943973,0.0,62.093869258962556
763904,52.5281883,0.0,8.229425989008707,44.298762374,0.0,38.9701987293902
765952,98.11656969999999,0.0,15.711659137991395,82.404910714,0.0,70.86205941077858
768000,93.6360313,0.0,14.35997513222863,79.27605625999999,0.0,68.23026144952144
770048,89.9862441,0.0,13.789425927200494,76.196818244,0.0,65.52273491498046
772096,84.00851000000002,0.0,13.009142034684174,70.99936801,0.0,61.494769844999006
774144,63.454610100000004,0.0,10.954610064858556,52.5,0.0,51.05172174033554
776192,54.099592599999994,0.0,8.09972954427236,45.999863,0.0,39.47461847994147
778240,79.583808,0.0,11.483980136519374,68.099827904,0.0,58.644965152805355
780288,75.13723879999999,0.0,12.44199259474991,62.69524604000001,0.0,54.593467448389944
782336,83.28479,0.0,12.98584434481818,70.29894586,0.0,61.99727502881624
784384,77.189195,0.0,11.994717438800771,65.19447749,0.0,59.2028849482342
786432,75.8499991,0.0,11.44999911221609,64.4,0.0,58.12543807884659
788480,86.7765825,0.0,13.676582393968413,73.1,0.0,61.942706938618265
790528,86.5608706,0.0,13.460870580092802,73.1,0.0,65.57681651604746
792576,73.9351372,0.0,11.562038829771932,62.37309837,0.0,57.343534236454786
794624,71.3476653,0.0,12.348747338431068,58.998917989999995,0.0,53.68609402075665
796672,83.9031769,0.0,11.910133862937744,71.99304305000001,0.0,59.27964695899167
798720,91.4022817,0.0,14.603350731043221,76.79893101500001,0.0,68.26304709214219
800768,73.9645085,0.0,12.790601749299602,61.17390674000001,0.0,52.900496277491825
802816,95.02841,0.0,14.330642097547454,80.69776786,0.0,71.4833013104188
804864,89.2564617,0.0,13.75858835001075,75.49787328,0.0,64.27399393515225
806912,79.9541185,0.0,12.644936091373449,67.3091823235,0.0,58.16811770785355
808960,62.51060809999999,0.0,10.012966089793087,52.497642104,0.0,46.221875856469005
811008,110.1858115,0.0,18.592312290135617,91.59349929,0.0,79.02678454948199
813056,72.3725608,0.0,12.192038305753133,60.180522648,0.0,53.993496847064215
815104,65.0882579,0.0,10.488889993412524,54.59936801,0.0,49.37475030907185
817152,105.4023672,0.0,17.60236736264803,87.8,0.0,77.42453415216343
819200,96.54044029999999,0.0,15.840440212045086,80.7,0.0,70.18005022434775
821248,80.46156629999999,0.0,14.288344157935503,66.17322216100001,0.0,61.80855508783621
823296,76.4996371,0.0,12.804101322177228,63.695535719999995,0.0,58.448298457244945
825344,61.378834600000005,0.0,10.78249516617154,50.596339279,0.0,47.67743216682238
827392,80.1921177,0.0,12.892117702905296,67.3,0.0,59.772138924799265
829440,89.3916364,0.0,14.39657679763316,74.99505964,0.0,66.10261062052753
831488,102.45843690000001,0.0,15.559120841333385,86.89931607999999,0.0,74.89991923270759
833536,103.1916494,0.0,17.393613660936097,85.798035705,0.0,75.20945611601203
835584,65.54636580000002,0.0,10.57582103150744,54.970544894,0.0,49.03460048678578
837632,108.0869729,0.0,17.38697288760993,90.7,0.0,79.03585889664511
839680,85.719784,0.0,12.925002070476737,72.794781935,0.0,62.387961944641155
841728,103.89148619999999,0.0,17.993145704189303,85.89834053,0.0,79.61817138718001
843776,84.96224690000001,0.0,14.365886311277475,70.59636055799999,0.0,62.6748436048798
845824,80.5248368,0.0,13.724836858579218,66.8,0.0,59.184552106836314
847872,69.51264979999999,0.0,11.519107677999463,57.993542000000005,0.0,52.560593821614894
849920,90.9016673,0.0,14.401667132628457,76.5,0.0,66.10662586923412
851968,86.4708068,0.0,14.875747268463499,71.59505964,0.0,64.12881064734928
854016,61.932915300000005,0.0,10.834105569988685,51.098809814000006,0.0,48.54759875377751
856064,83.7041911,0.0,13.704191099546625,70.0,0.0,61.96281151251283
858112,101.52968969999999,0.0,16.03752131783471,85.49216845,0.0,74.16413389398095
860160,70.5289233,0.0,12.33672105562384,58.19220224000001,0.0,53.46458030423992
862208,64.6754659,0.0,10.282791490529668,54.39267431100001,0.0,50.20422974016053
864256,80.75076429999999,0.0,13.956965528276495,66.79379893400001,0.0,60.64861829994702
866304,85.85363779999999,0.0,14.254828079891464,71.598809814,0.0,62.58786613578593
868352,101.99917259999998,0.0,16.99980461487079,84.99936801,0.0,75.07537501661452
870400,63.46834470000001,0.0,11.368344740201128,52.1,0.0,49.37380637783129
872448,77.2418672,0.0,13.242606871708938,63.999260359999994,0.0,57.437770754761644
874496,78.31287119999999,0.0,14.340788942233047,63.97208221999999,0.0,56.61091203788
876544,96.5229314,0.0,16.42787172930345,80.095059615,0.0,70.30963707853394
878592,89.5677221,0.0,14.667722059443609,74.9,0.0,65.09056872804602
880640,60.3095954,0.0,9.845780290082878,50.463815224,0.0,43.27562000836732
882688,86.26750230000002,0.0,14.542382708836419,71.725119648,0.0,63.902842351193684
884736,97.2875716,0.0,16.516646491532327,80.7709251347,0.0,71.68725887265727
886784,69.2956125,0.0,12.46941859071688,56.826193962000005,0.0,52.216985529155295
888832,88.742026,0.0,14.542551188441077,74.19947488,0.0,66.5499587693757
890880,79.41167820000001,0.0,12.316585191433692,67.09509310000001,0.0,56.9935891318102
892928,108.8038829,0.0,16.40388272957592,92.4,0.0,78.40706007706615
894976,82.0173453,0.0,13.717345351015727,68.3,0.0,61.22087867971827
897024,93.4788442,0.0,14.878844186556819,78.6,0.0,69.63732211550327
899072,101.93772320000001,0.0,16.737723252302505,85.2,0.0,75.4889450256779
901120,93.9926185,0.0,16.39388251106912,77.59873602,0.0,69.220257627332
903168,82.8069812,0.0,13.707151274919607,69.09982995,0.0,58.575296141821426
905216,89.90658690000001,0.0,15.807218863558585,74.09936801,0.0,66.25117595982158
907264,100.77487119999999,0.0,15.977035969250654,84.79783516,0.0,71.57850063034434
909312,89.8796565,0.0,16.18021322963811,73.69944311,0.0,66.2494924330988
911360,92.2573665,0.0,15.357998458938905,76.89936801,0.0,70.21518169958776
913408,96.2817403,0.0,15.083436705303054,81.198303574,0.0,68.83255873286572
915456,69.5868782,0.0,12.486878305480044,57.1,0.0,51.72557644878892
917504,82.64166709999998,0.0,12.942607710888987,69.69905943,0.0,60.1441952052211
919552,94.7214752,0.0,14.72147517914541,80.0,0.0,68.26706402856163
921600,58.6861099,0.0,9.888730687954036,48.797379273000004,0.0,43.4756727529075
923648,102.88936159999999,0.0,15.58936169033009,87.3,0.0,72.8784430905496
925696,95.0025297,0.0,15.536210085342,79.46631965399999,0.0,68.18844322210238
927744,81.47436250000001,0.0,13.075685363397213,68.398677117,0.0,59.029866711612875
929792,94.60517680000001,0.0,16.106337801724184,78.498838836,0.0,69.81860484986609
931840,109.2903769,0.0,16.99037683694764,92.3,0.0,76.79985502028869
933888,83.76398660000001,0.0,12.863986789324352,70.9,0.0,61.41017944714042
935936,110.7478189,0.0,16.047818695614637,94.7,0.0,80.76298318212056
937984,99.55453680000001,0.0,16.055168842709907,83.49936801,0.0,69.71981208597185
940032,87.73230489999999,0.0,15.245967808923387,72.48633712,0.0,63.993042452741136
942080,82.43213150000001,0.0,13.072786115729093,69.35934533,0.0,61.46024156151077
944128,80.7317093,0.0,12.933673539593252,67.79803570499999,0.0,58.362416362038275
946176,55.7073837,0.0,8.608927586327818,47.09845619,0.0,41.71352595177964
948224,78.4931629,0.0,12.89599032448503,65.597172515,0.0,59.94451520431594
950272,79.20614800000001,0.0,12.031004163019402,67.17514389499999,0.0,56.84407376152451
952320,99.77763910000002,0.0,15.077639104218246,84.7,0.0,73.34860871278565
954368,81.82132909999999,0.0,12.217143131494225,69.6041859113,0.0,60.56961640134939
956416,86.2187417,0.0,13.307635863156714,72.911105748,0.0,63.32208565798011
958464,95.2397012,0.0,14.441427254372675,80.798274106,0.0,68.73715903960229
960512,108.51765870000001,0.0,16.61765879865855,91.9,0.0,78.17559285300246
962560,73.2236463,0.0,11.520699976894917,61.7029464207,0.0,52.659637768751054
964608,88.96293299999999,0.0,14.16303782912539,74.79989537,0.0,66.0225208985696
966656,103.70710960000001,0.0,15.607109728462007,88.1,0.0,71.94219647017678
968704,98.3974487,0.0,15.697448689028462,82.7,0.0,69.3534462137558
970752,77.5719304,0.0,11.173675145760829,66.39825524,0.0,56.6244975571329
972800,90.810768,0.0,14.91076800018936,75.9,0.0,64.30742630831041
974848,69.5308025,0.0,11.730802403275593,57.8,0.0,50.39244677455055
976896,86.80882640000002,0.0,14.109566192941646,72.69926036,0.0,61.6280769209139
978944,68.1226553,0.0,10.825063745641947,57.297591344,0.0,48.09423847210768
980992,103.82909910000001,0.0,17.848189353574654,85.980909759,0.0,75.88330226650478
983040,117.30305089999999,0.0,18.303050857117334,99.0,0.0,78.72129295423143
985088,89.16089070000001,0.0,14.460890528472007,74.7,0.0,62.82900603023597
987136,68.1610292,0.0,11.56301464710793,56.598014535000004,0.0,48.66301964266186
989184,72.6829389,0.0,13.082968657412318,59.59997035400001,0.0,51.92068646812298
991232,97.0125913,0.0,16.614287758160586,80.398303574,0.0,71.24916481271151
993280,106.84247789999999,0.0,17.04420372693155,89.79827409399999,0.0,75.2552383599049
995328,89.8686091,0.0,13.475109691689568,76.39349929,0.0,63.60093369009597
997376,72.1708347,0.0,11.771466719701463,60.39936801,0.0,52.25148039572074
999424,80.01396860000001,0.0,13.815717122270978,66.198251394,0.0,59.385436064555606
