timesteps,reward,rewMD_sum,rewN_sum,rewP_sum,MD_sum,N_sum
2048,13.634866699999998,6.926521173763933,0.0,6.7083453863,-0.5187647986559673,0.0
4096,14.4758305,7.446224962834497,0.0,7.029605567999999,-0.23087639077791983,0.0
6144,19.477337400000003,9.858234037365012,0.0,9.619103337,-0.4065634971730203,0.0
8192,18.4705813,9.15129006171934,0.0,9.319291398,-1.057086187568011,0.0
10240,30.942350000000005,15.624933680742568,0.0,15.317416319,-0.7381139379635184,0.0
12288,30.066148399999996,15.166176125180993,0.0,14.899972228000001,-0.750876467118536,0.0
14336,11.255695399999999,5.795826591111913,0.0,5.45986862,-0.6285347547282031,0.0
16384,15.7184765,8.049578772653717,0.0,7.668897623000001,-0.44150933236100737,0.0
18432,17.242936800000003,8.695645533050008,0.0,8.547291297000001,-0.3619948864880799,0.0
20480,21.1423632,10.638310314390209,0.0,10.5040528602,-0.41467458569026583,0.0
22528,19.934722299999997,10.235985979983298,0.0,9.698736405,-0.50754075245048,0.0
24576,18.2791469,9.474488712613873,0.0,8.804658126700001,-0.39144263260120077,0.0
26624,19.9216293,10.131306788286153,0.0,9.790322459999999,-0.4821142174176079,0.0
28672,44.605869999999996,22.437228708749174,0.0,22.168641274,-1.1482219216593899,0.0
30720,20.5917137,10.488130324270557,0.0,10.103583234,-0.9672307749348834,0.0
32768,17.873229600000002,9.078258359455031,0.0,8.794971318,-0.5100085457218482,0.0
34816,22.631247899999998,11.560948287300924,0.0,11.0702998834,-0.4142634334830812,0.0
36864,20.8190408,10.521101121241255,0.0,10.297939664000001,-0.2568806761484937,0.0
38912,14.6032274,7.456882768741613,0.0,7.146344705,-0.3245772172439396,0.0
40960,30.727910099999995,15.43864300836878,0.0,15.289267129999999,-0.6635788109668083,0.0
43008,21.6588294,10.87449480420329,0.0,10.784334531,-1.1610093168884894,0.0
45056,20.0023175,10.2905349602791,0.0,9.711782452000001,-0.4191158606724478,0.0
47104,25.8555002,13.055138396181883,0.0,12.800361796,-0.5956290652933666,0.0
49152,24.789132099999996,12.500146447500741,0.0,12.288985554000002,-0.8109554496713501,0.0
51200,26.2325263,13.208341454842081,0.0,13.024184853999998,-0.9515765917461894,0.0
53248,24.940675,12.578014730469924,0.0,12.362660466399998,-0.7927051423730039,0.0
55296,25.4940451,12.952781691003878,0.0,12.541263402,-0.4374327490288442,0.0
57344,23.877724699999998,12.041474760297877,0.0,11.836249812999998,-0.8555490348131922,0.0
59392,21.7220194,10.959279896605311,0.0,10.762739473,-0.5879531811209724,0.0
61440,27.537340900000004,13.86776125203564,0.0,13.6695796352,-1.6157667691086435,0.0
63488,33.1909625,16.517353615049586,0.0,16.673608875000003,-0.9308347205982335,0.0
65536,26.485583400000003,13.1775941988689,0.0,13.307989229,-1.627524978901527,0.0
67584,38.93394969999999,19.643076152056935,0.0,19.290873554,-0.5334870642400588,0.0
69632,32.402694100000005,16.43346471476213,0.0,15.9692293934,-0.7718623807032647,0.0
71680,15.2199072,7.826294892062421,0.0,7.393612380699999,-0.22315397536238696,0.0
73728,30.324357300000003,15.226717427205745,0.0,15.097639789000002,-0.7554748889188085,0.0
75776,40.1532978,19.96019252317155,0.0,20.193105365999998,-1.2647899312716646,0.0
77824,17.9947148,9.262152138965144,0.0,8.732562767000001,-0.3908953079090519,0.0
79872,48.5902545,24.010146763366965,0.0,24.580107597,-2.9626677977281046,0.0
81920,27.6107997,13.931686690908048,0.0,13.679113019000003,-0.6193066202986935,0.0
83968,22.53942,11.454475231122812,0.0,11.0849447236,-0.6771352760011226,0.0
86016,35.939817899999994,17.835827217022587,0.0,18.103990612,-1.2102342163537372,0.0
88064,19.9186312,10.317073229977733,0.0,9.6015579997,-0.42193313323325626,0.0
90112,26.1851143,13.2111635601279,0.0,12.973950670299999,-0.852180065213112,0.0
92160,31.688026400000002,15.914268346732248,0.0,15.773757993999999,-0.6383651552043291,0.0
94208,45.1785871,22.49360316612907,0.0,22.684983775,-1.5930234424600205,0.0
96256,17.111790399999997,8.69567710689725,0.0,8.416113255,-0.5485487692917087,0.0
98304,38.003978399999994,19.01661641502008,0.0,18.987362093999998,-1.1586595609940853,0.0
100352,21.725111300000002,10.971977428088069,0.0,10.753134001800001,-1.0305403394307922,0.0
102400,70.15942809999999,35.08458384014389,0.0,35.074844426000006,-1.2866428366509344,0.0
104448,38.986930799999996,19.634688674913438,0.0,19.352242161600003,-1.272761739537002,0.0
106496,36.817380199999995,18.39081784589875,0.0,18.426562338,-0.8714732584566246,0.0
108544,27.624821399999995,13.783648375102104,0.0,13.841173025999998,-1.1089247150988477,0.0
110592,52.894838500000006,26.19778451401238,0.0,26.69705381,-2.503123893723038,0.0
112640,26.5898997,13.310735271553174,0.0,13.279164514999996,-0.9088828338372668,0.0
114688,30.1335509,15.306700349108699,0.0,14.826850562999999,-0.8767380535568788,0.0
116736,56.2567475,28.1289936570111,0.0,28.12775383,-1.4970928786598747,0.0
118784,34.8316688,17.508336548934643,0.0,17.323332245000003,-0.912956007678083,0.0
120832,22.856256899999998,11.479249616347504,0.0,11.377007258,-0.7911293982238387,0.0
122880,69.8777718,34.80691054601863,0.0,35.070861134,-2.0021940395444,0.0
124928,45.0019104,22.559088824320757,0.0,22.442821689700004,-1.3014038568825748,0.0
126976,35.298724199999995,17.704666128086785,0.0,17.594058015999998,-1.6533503136221572,0.0
129024,34.374403900000004,17.178775421786902,0.0,17.195628564,-1.1673705385979158,0.0
131072,59.710598700000006,29.728380747994727,0.0,29.982217868,-1.8090342722402624,0.0
133120,85.0046333,42.264826178508784,0.0,42.739807178,-2.625638867718341,0.0
135168,32.64510779999999,16.305751057938398,0.0,16.3393567737,-1.099932541141556,0.0
137216,45.0064794,22.159745235690593,0.0,22.846734331,-2.5653106301905195,0.0
139264,37.7411383,18.9477357292144,0.0,18.7934025633,-0.8210481182319038,0.0
141312,30.878605,15.57858182093779,0.0,15.300023129600001,-0.917988240004262,0.0
143360,32.9016317,16.53938315868333,0.0,16.3622485227,-1.1126203390122358,0.0
145408,38.8226857,19.405329632278303,0.0,19.417355995100003,-1.612113252756857,0.0
147456,23.430962700000002,12.005971265455349,0.0,11.424991284499999,-0.5396895421323823,0.0
149504,100.2229013,49.70894787903358,0.0,50.513953482,-3.5670832969151802,0.0
151552,43.2056394,21.73557483909858,0.0,21.47006455,-0.9682559275583713,0.0
153600,34.8069918,17.454568209837817,0.0,17.352423645,-0.8599607328637155,0.0
155648,39.1919491,19.56473930398584,0.0,19.627209777,-1.3239790443729222,0.0
157696,66.0967527,32.97882362533538,0.0,33.117928995,-1.548549480529219,0.0
159744,44.6320316,22.295065743683303,0.0,22.3369657167,-1.7190558306524686,0.0
161792,61.5859118,30.730058788921212,0.0,30.85585294,-1.411089337100645,0.0
163840,44.5929299,22.23183168414129,0.0,22.361098254999998,-1.0317495002561627,0.0
165888,83.5439525,41.540741966216295,0.0,42.003210582,-2.539131921217491,0.0
167936,59.7421796,29.905631480908106,0.0,29.836548204000003,-1.6302717063576329,0.0
169984,34.923508399999996,17.519472385797588,0.0,17.404036115000004,-0.9446224370639051,0.0
172032,74.5551492,36.89589763320261,0.0,37.659251620999996,-2.7589902458828894,0.0
174080,47.0910445,23.693809975914256,0.0,23.397234450000003,-0.9350894900580119,0.0
176128,41.975444800000005,21.075201196649225,0.0,20.900243597,-0.9374718091520515,0.0
178176,47.9719813,24.171063021151802,0.0,23.800918337600002,-1.0434709330445895,0.0
180224,103.79235630000001,51.38805395668514,0.0,52.404302204,-3.2253306866790417,0.0
182272,94.5620059,46.99034005744777,0.0,47.5716657178,-2.2408504004571794,0.0
184320,74.56415910000001,37.17420994307181,0.0,37.389949227,-1.4312934852692352,0.0
186368,96.25718150000002,47.94992819738322,0.0,48.3072533167,-2.18491355617289,0.0
188416,31.4527151,15.757676420045073,0.0,15.695038581,-1.109803708118112,0.0
190464,46.92704929999999,23.38453414369811,0.0,23.542515179,-1.441323125668166,0.0
192512,61.611478099999985,30.646505804433588,0.0,30.964972304999996,-1.9509245974339926,0.0
194560,94.6699863,47.0706183802153,0.0,47.59936801,-2.7066922053228013,0.0
196608,87.2389999,43.441253174474944,0.0,43.79774669,-2.3575973480095955,0.0
198656,65.17947330000001,32.5283579553484,0.0,32.65111533299999,-1.1566308434097194,0.0
200704,28.874928,14.683425700763465,0.0,14.191502294999998,-0.4904413213382376,0.0
202752,55.677831100000006,27.97563581341199,0.0,27.7021953356,-1.192176310073791,0.0
204800,85.17059179999998,42.483503104762235,0.0,42.687088716,-1.8072297516756055,0.0
206848,40.920017300000005,20.642189344844944,0.0,20.277828055,-0.5801562486035201,0.0
208896,38.839365799999996,19.541491109016935,0.0,19.2978745627,-1.242618665944772,0.0
210944,95.2720913,47.47389511778368,0.0,47.798196137000005,-2.455612923023792,0.0
212992,77.3750247,38.558854744544576,0.0,38.8161698777,-2.0071751524066217,0.0
215040,60.7244287,30.22934761576363,0.0,30.495081054000003,-2.048712448389767,0.0
217088,45.1473501,22.7119522257295,0.0,22.435398024,-1.1164003100614048,0.0
219136,90.7657722,45.26331893519543,0.0,45.502453478,-1.9308904065476153,0.0
221184,62.8211154,31.344210316219357,0.0,31.476905138,-1.8798272085708763,0.0
223232,80.63756049999999,40.09988020316284,0.0,40.5376802184,-1.6684894411973439,0.0
225280,113.10950309999998,56.382708242104606,0.0,56.726794898,-2.225121482001085,0.0
227328,45.777745800000005,22.72502826596517,0.0,23.0527175814,-1.8648332936685517,0.0
229376,78.2968535,39.26658503097598,0.0,39.0302687247,-1.102788560323417,0.0
231424,93.64750790000001,46.74619721289197,0.0,46.9013107057,-1.783429906693683,0.0
233472,79.21876460000001,39.55187943988074,0.0,39.666885184,-1.7480319123202286,0.0
235520,53.3592658,26.837787678813708,0.0,26.521478095499997,-0.554580279682477,0.0
237568,79.1359161,39.33909352657992,0.0,39.796822383999995,-2.1264769092364526,0.0
239616,98.7143757,49.209136051155355,0.0,49.50523967869999,-1.7166685214221957,0.0
241664,57.6102722,28.933755424380017,0.0,28.676516810699997,-0.9219756663162629,0.0
243712,75.2390287,37.65293032241572,0.0,37.586098537,-1.7431955924891347,0.0
245760,46.2272647,23.13502585308523,0.0,23.092239023999998,-1.0618339353726411,0.0
247808,72.865577,36.36318733116006,0.0,36.502389529,-1.8432798486018616,0.0
249856,98.37877610000001,49.1158758956811,0.0,49.262900108000004,-1.886660069161758,0.0
251904,47.3372495,23.74527592798511,0.0,23.59197355,-1.0034606821552758,0.0
253952,68.1662811,33.84040097828211,0.0,34.325880307,-1.8926425476910864,0.0
256000,90.0829254,44.703263858506254,0.0,45.379661638,-2.5053347197747877,0.0
258048,66.61043079999999,33.23659561391326,0.0,33.373835371999995,-2.002918250044984,0.0
260096,92.8816059,46.37374771834125,0.0,46.50785822,-1.9241743032375376,0.0
262144,96.67533439999998,48.181243646602205,0.0,48.494090775,-2.222377801405557,0.0
264192,85.2760049,42.36944090468144,0.0,42.906563859200006,-1.9719684232113845,0.0
266240,69.50462250000001,34.60692109549662,0.0,34.89770129,-2.4658675535424246,0.0
268288,58.05253259999999,29.243695537936212,0.0,28.8088370867,-1.0866960013061977,0.0
270336,86.13289189999999,42.877638370598234,0.0,43.2552534887,-1.8345795154347875,0.0
272384,126.06996269999999,62.74308777833748,0.0,63.326875004,-3.025236989751815,0.0
274432,75.6062632,37.80723390719549,0.0,37.799029159999996,-1.4248127040820855,0.0
276480,80.7466844,40.29638571992675,0.0,40.4502986927,-1.9941636824816882,0.0
278528,83.35981009999999,41.377997635341096,0.0,41.981812368,-2.817313586251654,0.0
280576,65.4879981,32.79311048090372,0.0,32.694887594,-1.2443029941022914,0.0
282624,88.83420770000001,44.346475416430394,0.0,44.487732345,-1.7124493118226485,0.0
284672,53.0956062,26.596238210146744,0.0,26.49936801,-1.5028673216057027,0.0
286720,50.1067857,25.149839073974015,0.0,24.9569466675,-0.9649728281557461,0.0
288768,112.95215639999999,56.34837953001467,0.0,56.6037768507,-1.8570071542410127,0.0
290816,90.0696079,44.77041155126425,0.0,45.299196292699996,-2.1088766912342134,0.0
292864,84.1013278,41.77533629769388,0.0,42.3259913923,-2.2527427582589965,0.0
294912,46.741486800000004,23.542086953177513,0.0,23.199399914300002,-0.8633091192486841,0.0
296960,85.9616392,42.90702856786953,0.0,43.05461077,-1.4192335819048836,0.0
299008,40.5674116,20.27670450361846,0.0,20.29070709,-1.4099427816180494,0.0
301056,78.6140656,38.91414520847614,0.0,39.699920547,-2.90064145937419,0.0
303104,108.25234970000001,53.75493963214459,0.0,54.49741017,-2.863475767158589,0.0
305152,91.74575790000002,45.647916027748174,0.0,46.097841724,-1.8411490089206848,0.0
307200,98.5980103,48.90107643292946,0.0,49.696933990000005,-2.475893360352137,0.0
309248,107.2079563,53.28101933209659,0.0,53.92693699,-2.240067604612599,0.0
311296,85.0549839,42.25669658242926,0.0,42.798287198000004,-2.78398067145275,0.0
313344,55.9802235,27.887076466287937,0.0,28.093147034399998,-1.56261507504786,0.0
315392,86.183559,42.984191006322966,0.0,43.19936801,-2.140656435028125,0.0
317440,83.921733,41.91652494012975,0.0,42.005208042599996,-1.5010379686714104,0.0
319488,71.48667189999999,35.50157560484049,0.0,35.9850964087,-2.169050932015766,0.0
321536,104.84805720000001,52.14426329647206,0.0,52.70379395,-2.238142333029943,0.0
323584,151.3360536,75.04331633961822,0.0,76.29273725499999,-2.814049007280585,0.0
325632,100.05779659999999,49.85936920672593,0.0,50.19842744,-2.155474316183403,0.0
327680,57.212586699999996,28.411897021640982,0.0,28.800689587,-1.880754793979015,0.0
329728,97.14631829999999,48.45467061066159,0.0,48.69164766,-2.418417824881082,0.0
331776,77.20102880000002,38.501549987088765,0.0,38.699478909999996,-2.0714995524581594,0.0
333824,111.6796661,55.4910500408158,0.0,56.18861606400001,-2.811434517008542,0.0
335872,90.38833600000001,45.000038683700836,0.0,45.388297269999995,-1.8918188484905385,0.0
337920,106.38990589999999,53.09214048025608,0.0,53.29776546000001,-1.9671938838041094,0.0
339968,76.27362000000001,38.07587858680055,0.0,38.197741431,-1.6367202042851805,0.0
342016,103.81213050000001,51.60912761843258,0.0,52.203002767,-2.5795013816183388,0.0
344064,66.6348123,33.10996174150025,0.0,33.524850518,-1.7258869010814162,0.0
346112,134.3239734,66.85087424949468,0.0,67.473099169,-2.459312086938347,0.0
348160,111.10249139999999,55.305366886106114,0.0,55.797124563,-2.530469834687361,0.0
350208,110.03059760000001,54.73256201365025,0.0,55.298035705000004,-2.3810057090977526,0.0
352256,76.54978559999999,37.95520561710374,0.0,38.594579974,-2.470356557650034,0.0
354304,91.729172,45.503777015248346,0.0,46.22539506400001,-1.9500127685781738,0.0
356352,137.0804652,68.08112353193874,0.0,68.999341553,-3.133690829386729,0.0
358400,137.516056,68.61581769471437,0.0,68.9002382007,-2.038599119771946,0.0
360448,103.7287705,51.559183433907364,0.0,52.169586960000004,-2.4499823163237573,0.0
362496,50.4314241,25.406159005850903,0.0,25.025265091,-0.7769645702470694,0.0
364544,97.65765190000002,48.628957449965135,0.0,49.028694368699995,-2.451826095832927,0.0
366592,132.0356218,65.53977345587359,0.0,66.49584833399999,-3.084513756141027,0.0
368640,67.7583172,33.88790845614286,0.0,33.87040871399999,-1.298213427923059,0.0
370688,106.89936660000001,53.20205012976695,0.0,53.697316475,-2.042243807927548,0.0
372736,112.50408560000001,56.30026276736139,0.0,56.203822844,-1.541531125051407,0.0
374784,127.20143900000001,63.2041024945784,0.0,63.997336278,-2.7724872681894035,0.0
376832,100.0736289,49.774430198015914,0.0,50.299198745,-2.2943851661455943,0.0
378880,116.9711554,58.271802262705194,0.0,58.69935308,-1.769543843644057,0.0
380928,99.3505924,49.42600834584605,0.0,49.924583927,-2.832974216918891,0.0
382976,133.98643369999996,66.58361854924438,0.0,67.402815188,-2.469641373417105,0.0
385024,99.9995751,50.10670772967435,0.0,49.8928673,-0.8430707704511985,0.0
387072,89.3180079,44.31825543856303,0.0,44.999752374,-2.5654681848124135,0.0
389120,108.14379820000002,53.740336941199374,0.0,54.40346107170001,-2.5325188840741726,0.0
391168,92.3368212,46.069849610566926,0.0,46.2669715,-1.546398584697894,0.0
393216,123.1921939,61.29397055081908,0.0,61.898223443999996,-2.4957394268969546,0.0
395264,77.9538191,38.6536353295575,0.0,39.3001837925,-2.1744206970285367,0.0
397312,71.855995,35.8587702337642,0.0,35.99722486,-1.481565443337109,0.0
399360,98.58359479999999,49.14663056019067,0.0,49.436964278699996,-2.654099434004394,0.0
401408,100.95508699999999,50.04845264456416,0.0,50.906634493599995,-3.484844882696249,0.0
403456,120.2838203,59.88885107134373,0.0,60.39496917500001,-2.273597740304887,0.0
405504,103.66980430000001,51.57432113315624,0.0,52.09548326,-2.0369798097160534,0.0
407552,127.16265100000001,62.97639079109949,0.0,64.18626017,-3.3736720272948064,0.0
409600,143.28506579999998,71.1850656164617,0.0,72.1,-3.0907009055574832,0.0
411648,106.43988929999998,52.964662636781085,0.0,53.4752267018,-2.091369768281832,0.0
413696,127.4409811,63.33756560927914,0.0,64.10341551399999,-2.3278907049429747,0.0
415744,157.4222205,78.1587331895173,0.0,79.263487295,-3.393256623795866,0.0
417792,95.38875379999999,47.31646820600927,0.0,48.072285457,-2.16163926291769,0.0
419840,96.573269,48.077302571004466,0.0,48.495966425,-2.109187973869211,0.0
421888,92.8755598,46.57014275593237,0.0,46.305416951699996,-1.414048870007778,0.0
423936,116.5740225,57.969785232740776,0.0,58.60423722920001,-2.4119629599239425,0.0
425984,112.3681263,55.98206701811982,0.0,56.386059294999995,-1.9972143558832278,0.0
428032,104.50599279999999,52.21199785593228,0.0,52.293994954999995,-1.5601267218112118,0.0
430080,97.08066860000001,48.58716938530039,0.0,48.49349929,-1.2024131178928594,0.0
432128,134.640861,67.15084819614421,0.0,67.49001288400001,-1.899076015297283,0.0
434176,92.3619606,46.01698675808409,0.0,46.344973837,-1.895134131865063,0.0
436224,75.58605589999999,37.990520193511536,0.0,37.59553572,-0.7882612492515635,0.0
438272,95.119887,47.425512120925035,0.0,47.694375007999994,-1.4878547824822022,0.0
440320,79.43475430000001,39.7412547982487,0.0,39.69349929,-1.6247866559859705,0.0
442368,121.8159173,60.620747683711656,0.0,61.19516953499999,-1.8008194934869812,0.0
444416,118.5238756,59.12610765426503,0.0,59.39776786,-1.4383790623101864,0.0
446464,99.58589280000001,49.787752814723525,0.0,49.79814014,-0.9766903571559155,0.0
448512,128.3258801,63.716720329152416,0.0,64.60915966299999,-2.7978109857965383,0.0
450560,84.3769747,42.17704490136575,0.0,42.19992967,-1.3373888297672942,0.0
452608,98.9037764,49.20173686551006,0.0,49.7020394461,-1.964625832410696,0.0
454656,116.83903310000001,57.91422485785445,0.0,58.924808303000006,-2.6395661379758115,0.0
456704,131.80796149999998,65.51540151834628,0.0,66.292560005,-2.431907230603442,0.0
458752,130.961113,65.26429797121182,0.0,65.69681492,-1.6338659576395584,0.0
460800,152.55219340000002,75.85652639555056,0.0,76.695667046,-2.3281729739378965,0.0
462848,148.2224741,73.92247398337466,0.0,74.3,-2.1772769072918865,0.0
464896,96.0388332,47.975018055395424,0.0,48.063815224,-1.9442488147763655,0.0
466944,77.6103374,38.90515881353472,0.0,38.7051785607,-1.4027872075736147,0.0
468992,100.64659689999999,50.348493054713984,0.0,50.298104030000005,-1.124662422718045,0.0
471040,109.39370899999999,54.3921557540476,0.0,55.001553423,-2.5236135818467393,0.0
473088,109.1370498,54.46643317029297,0.0,54.67061672769999,-1.4732929947970421,0.0
475136,108.13104489999998,53.73104476292357,0.0,54.4,-2.139556625836647,0.0
477184,107.3902821,53.69508045210389,0.0,53.69520155,-1.4967837691448134,0.0
479232,109.39108590000001,54.29540810698338,0.0,55.095677808999994,-2.407217323429562,0.0
481280,122.26900279999998,60.869002859756144,0.0,61.4,-1.9965288723034038,0.0
483328,73.87117020000001,37.04947656773214,0.0,36.821693611,-1.0172777089166218,0.0
485376,128.7103707,63.95214690558108,0.0,64.75822377,-1.8764328688450653,0.0
487424,166.4033024,82.50330227015324,0.0,83.9,-3.2780061092493598,0.0
489472,126.7725773,63.14535683865641,0.0,63.627220464000004,-1.6936921259616144,0.0
491520,113.80702029999998,56.50776001894367,0.0,57.29926035999999,-2.736493461028038,0.0
493568,116.6987807,58.20005951317395,0.0,58.498721090000004,-1.6928106971476289,0.0
495616,121.3547219,60.455941570964924,0.0,60.89878036,-2.1062218526859597,0.0
497664,127.70068880000001,63.40054716019563,0.0,64.300141518,-3.061409137584632,0.0
499712,99.2191648,49.4272368485735,0.0,49.791928015,-2.0381510639838956,0.0
501760,136.9143971,68.01502898930077,0.0,68.89936801,-2.6565530314231522,0.0
503808,127.81793139999999,63.64888955830649,0.0,64.16904171569999,-1.858901083263825,0.0
505856,136.6214757,67.9214758406774,0.0,68.7,-2.6717222239687133,0.0
507904,128.9524172,64.15304913586942,0.0,64.79936801,-2.3367930662425693,0.0
509952,111.1928053,55.482339965409,0.0,55.710465267,-1.783414999034477,0.0
512000,120.7630637,60.11559303839188,0.0,60.647470718,-2.5574301556325834,0.0
514048,82.8240016,41.23406491125873,0.0,41.589936819,-1.6836471816540837,0.0
516096,148.67279209999998,73.76229121482041,0.0,74.910501021,-3.2822722327342007,0.0
518144,117.1778778,58.37924930926014,0.0,58.79862837,-2.0521667388977476,0.0
520192,156.0623478,77.89479026918487,0.0,78.167557555,-1.4188859504568434,0.0
522240,113.07543009999999,56.378294208228226,0.0,56.69713587,-1.6193448612840124,0.0
524288,160.41884,79.3221204385711,0.0,81.09671941500001,-4.063336466910668,0.0
526336,80.6861279,40.29585585970892,0.0,40.390272085999996,-1.4323073513555027,0.0
528384,148.348387,73.64838684801455,0.0,74.7,-2.669205716404792,0.0
530432,138.40704050000002,68.70798094773973,0.0,69.69905943,-2.62741172115847,0.0
532480,103.38517180000001,51.48740391560737,0.0,51.89776786,-1.9211018599066736,0.0
534528,127.0492986,63.18562406484206,0.0,63.863674575000005,-2.210287952313954,0.0
536576,150.1390911,74.43972303124606,0.0,75.69936801,-3.0852857646670913,0.0
538624,158.3219892,78.62198922520653,0.0,79.7,-2.762151418279056,0.0
540672,134.75335030000002,67.05472195325669,0.0,67.69862837000001,-2.109463628085119,0.0
542720,113.4289158,56.537649023776,0.0,56.891266634,-1.5439018919827805,0.0
544768,108.6363298,54.03778790701192,0.0,54.59854194,-2.6557069828760906,0.0
546816,137.81131599999998,68.52106822951824,0.0,69.290247755,-2.217906075198322,0.0
548864,143.9717301,71.57297946933093,0.0,72.39875058,-2.302009572187953,0.0
550912,129.3989745,64.29897452722808,0.0,65.1,-2.405264402013244,0.0
552960,104.7555404,52.12202392262655,0.0,52.633516637,-1.769202872422354,0.0
555008,118.36068730000002,58.76893189650265,0.0,59.59175537,-1.876553453619276,0.0
557056,171.9110789,85.31652784172371,0.0,86.59455119399999,-2.5953858425927923,0.0
559104,123.75485600000002,61.559296756316826,0.0,62.195559215,-1.570185802603796,0.0
561152,142.42740640000002,70.53007295729192,0.0,71.897333524,-2.8761278981846425,0.0
563200,69.08409659999998,34.5865757321513,0.0,34.4975207407,-1.0309428607336621,0.0
565248,119.15297110000002,59.131543068598134,0.0,60.021427992999996,-2.428282708588215,0.0
567296,140.71982959999997,69.54704791544518,0.0,71.17278175199999,-3.194125002574623,0.0
569344,122.8837864,61.38146558571741,0.0,61.50232088400001,-1.2531952478296855,0.0
571392,123.58216910000002,61.383285903705506,0.0,62.198883384,-2.8014854945721392,0.0
573440,78.7099788,39.50138253338975,0.0,39.208596279,-0.972008352373557,0.0
575488,112.33644079999999,56.037453906831466,0.0,56.298986856,-1.3608291726519683,0.0
577536,156.3897454,77.5903773769937,0.0,78.79936801,-2.8628921687511135,0.0
579584,131.8110403,65.61104029515562,0.0,66.2,-2.1446774470208236,0.0
581632,123.14903470000002,61.04237081999916,0.0,62.106663893,-2.8007385324337406,0.0
583680,115.54939019999999,57.45162220396278,0.0,58.09776786,-2.0784412623007538,0.0
585728,138.50518970000002,68.60656137052227,0.0,69.89862837000001,-2.7135714033718727,0.0
587776,135.083582,66.98797286697533,0.0,68.09560906,-2.5792955109608404,0.0
589824,168.38861260000002,83.19511331834313,0.0,85.19349927,-3.4175830865195054,0.0
591872,120.13111699999999,59.448315346618436,0.0,60.68280154399999,-2.909060370487216,0.0
593920,91.0498959,45.365826445160344,0.0,45.684069359,-1.1800703005909807,0.0
595968,106.93815,53.23814993436197,0.0,53.7,-2.1237631261265437,0.0
598016,149.5850533,74.18793961397127,0.0,75.39711360999999,-2.5401213853426894,0.0
600064,107.5105346,53.313956877984694,0.0,54.196577667999996,-2.3468120956740255,0.0
602112,141.5371539,70.34476570864243,0.0,71.19238823660001,-2.543402184838252,0.0
604160,98.4523832,49.05587212948084,0.0,49.39651094,-1.366439767808971,0.0
606208,158.17818730000002,78.67274076735636,0.0,79.50544643399999,-1.9915372867959316,0.0
608256,95.9204412,47.849780093246665,0.0,48.070661186,-1.2749521183822492,0.0
610304,137.3288733,68.04126246516842,0.0,69.28761087000001,-2.4612577572887604,0.0
612352,160.7402298,79.54099653065757,0.0,81.199233326,-3.2143137265650155,0.0
614400,97.72030830000001,48.52067801583714,0.0,49.199630391599996,-2.0635620577623244,0.0
616448,166.8053145,82.83186082958657,0.0,83.973453754,-2.9006448606382245,0.0
618496,84.1630862,41.9601117636049,0.0,42.202974617,-1.5815575067097085,0.0
620544,138.8026938,69.01850745063933,0.0,69.784186253,-2.1202139125622694,0.0
622592,110.37353800000001,54.773537952863265,0.0,55.6,-2.1915716130650305,0.0
624640,103.2403106,51.342854343207364,0.0,51.89745626,-1.9382249058874113,0.0
626688,133.5202387,66.31589163506858,0.0,67.2043469247,-2.5414715318000267,0.0
628736,168.7357156,83.73741201893921,0.0,84.998303574,-2.4289084537248726,0.0
630784,121.47993999999998,60.58143745412299,0.0,60.89850254,-1.2695128433650327,0.0
632832,110.9785004,55.18500102240843,0.0,55.79349929,-1.9286092888308253,0.0
634880,140.0495252,69.44952516739752,0.0,70.6,-2.6605619171079264,0.0
636928,125.90588400000001,62.4070646114821,0.0,63.49881948400001,-2.397341219391316,0.0
638976,65.37280630000001,32.39041987630161,0.0,32.982386293000005,-2.219069518234834,0.0
641024,153.4798117,76.18204394754795,0.0,77.29776786,-2.4198871660578494,0.0
643072,161.20838650000002,80.10838644184429,0.0,81.1,-2.0761476151832605,0.0
645120,143.621711,71.52343689574181,0.0,72.098274094,-1.7505948466528642,0.0
647168,103.9710558,51.87250953505024,0.0,52.0985462755,-1.0234503509423616,0.0
649216,155.8547137,77.47177065357866,0.0,78.382943183,-2.1836796034510177,0.0
651264,145.4317595,72.13175951214342,0.0,73.3,-3.2398199994344465,0.0
653312,174.0147543,86.51475409442817,0.0,87.5,-2.296784606459407,0.0
655360,67.65386409999999,33.85381595247401,0.0,33.800048224,-1.4195796241155487,0.0
657408,143.0467065,71.30662048155122,0.0,71.74008601,-1.5585693567592507,0.0
659456,158.8881527,79.082332077361,0.0,79.805820708,-2.269830400388324,0.0
661504,154.15006739999998,76.55038138914666,0.0,77.599685967,-2.4156705976726545,0.0
663552,126.28464599999998,62.98589538333226,0.0,63.29875071400001,-1.2257958550572452,0.0
665600,89.03111699999998,44.231116844173684,0.0,44.8,-2.03828082125363,0.0
667648,131.9625738,65.6634656326073,0.0,66.29910812,-2.0366237324397773,0.0
669696,158.3296321,78.52970225367096,0.0,79.79992967000001,-2.5674741215768124,0.0
671744,167.05634630000003,82.95634618191586,0.0,84.1,-2.29134641428179,0.0
673792,151.78221109999998,75.48338862726042,0.0,76.29882239999999,-2.2104773419330614,0.0
675840,124.0071647,61.80838442288147,0.0,62.19878036,-1.3815930377876326,0.0
677888,170.0257266,84.32572659217813,0.0,85.7,-2.612619940926682,0.0
679936,146.38173469999998,72.66940724493455,0.0,73.7123274125,-2.655076242340864,0.0
681984,122.4931251,60.6731209778935,0.0,61.82000400100001,-2.566773456876096,0.0
684032,161.08224120000003,79.98224137939417,0.0,81.1,-2.2140076701791296,0.0
686080,144.75945,71.85099948932877,0.0,72.90845055899999,-2.444755726476836,0.0
688128,162.15249599999999,80.55491634308643,0.0,81.597579604,-2.1627134813022613,0.0
690176,167.7870758,83.28707574418274,0.0,84.5,-2.5058672173617844,0.0
692224,116.0770406,57.97767265392527,0.0,58.09936801,-1.298255682358055,0.0
694272,150.9815219,75.08399158666711,0.0,75.89753026,-2.040101941172076,0.0
696320,137.3465144,68.2482402187363,0.0,69.098274094,-1.9749125874240996,0.0
698368,143.9127485,71.41660903949487,0.0,72.496139505,-1.9970438692465824,0.0
700416,133.8972534,66.40716836298878,0.0,67.490084955,-2.23671222634274,0.0
702464,117.9562402,58.66839041725369,0.0,59.28784969699999,-1.400497080997292,0.0
704512,157.576911,78.37691096304073,0.0,79.2,-1.8736549399815945,0.0
706560,141.26975720000002,70.37172161750152,0.0,70.898035705,-1.6396683878878016,0.0
708608,115.87984509999998,57.72298510180762,0.0,58.156859834,-1.6297478489399135,0.0
710656,174.5441017,86.34410180120065,0.0,88.2,-3.3652934531465455,0.0
712704,163.08429189999998,81.09079265566692,0.0,81.99349929,-2.0971439602266946,0.0
714752,157.67898689999998,78.37915615143088,0.0,79.299830735,-1.715995258897753,0.0
716800,160.3939287,79.69392865703885,0.0,80.7,-2.227013897686761,0.0
718848,163.79903869999998,81.10199005660613,0.0,82.69704863,-3.084042785023619,0.0
720896,157.6063414,78.30698831882401,0.0,79.29935308,-2.1822131168187324,0.0
722944,150.4253982,74.53132234863172,0.0,75.89407591,-2.9234140266358795,0.0
724992,127.79289209999999,63.49299684499986,0.0,64.29989537,-2.122235615787744,0.0
727040,133.0834077,66.38340764587927,0.0,66.7,-1.640818053161647,0.0
729088,135.19653590000001,67.43270798081937,0.0,67.76382797400001,-1.2438627854248725,0.0
731136,168.2290016,83.63103504009618,0.0,84.597966576,-2.1183030789489337,0.0
733184,106.75660560000001,53.14815086316929,0.0,53.608454888999994,-1.298735074030758,0.0
735232,128.1603515,63.481669166707526,0.0,64.678682296,-2.2202660183102187,0.0
737280,157.57491140000002,78.43953939483598,0.0,79.135371986,-2.3596627534163646,0.0
739328,112.43663050000002,56.244070424191634,0.0,56.192560005,-1.1267883975696376,0.0
741376,109.85515540000002,54.7616560135197,0.0,55.09349929,-1.5887518720100124,0.0
743424,180.89216240000002,89.79216228021477,0.0,91.1,-2.5871173807216286,0.0
745472,159.5612825,79.26128252073768,0.0,80.3,-2.3664726051248133,0.0
747520,123.86062299999999,61.37421099995403,0.0,62.486412017,-2.6330796561011907,0.0
749568,155.754478,77.65566816405685,0.0,78.098809814,-1.549948620262294,0.0
751616,143.17642789999996,71.0777592099311,0.0,72.098668776,-2.3207182122085137,0.0
753664,136.3222541,67.62645519838907,0.0,68.695798904,-2.3925955556343093,0.0
755712,131.8165768,65.61657674386353,0.0,66.2,-2.0138562865550726,0.0
757760,176.99559349999998,87.89559339010323,0.0,89.1,-2.407561971707177,0.0
759808,131.318543,65.41854296539655,0.0,65.9,-1.6599889511963106,0.0
761856,149.5823104,74.57761635897928,0.0,75.0046940394,-1.9163215083956022,0.0
763904,163.67290179999998,81.07784229790255,0.0,82.595059615,-2.935275132129125,0.0
765952,160.39657540000002,79.69833071042814,0.0,80.69824464000001,-2.326679357524873,0.0
768000,121.1322018,60.33514734314857,0.0,60.797054454,-1.5183171755106735,0.0
770048,156.53029030000002,77.93261140449422,0.0,78.59767889,-1.445059690642987,0.0
772096,135.02323180000002,67.02323183314067,0.0,68.0,-2.861315057007773,0.0
774144,158.43196559999998,78.83196557147143,0.0,79.6,-2.2287593184990637,0.0
776192,133.0419603,66.33772935622063,0.0,66.704231004,-1.3452525313360932,0.0
778240,142.86722679999997,70.96945910948398,0.0,71.89776786,-2.9826064054911328,0.0
780288,140.3434931,69.64349306352167,0.0,70.7,-2.9125750793488323,0.0
782336,148.29976530000002,73.73245010067635,0.0,74.567315197,-2.088228063803622,0.0
784384,135.6695556,67.6695554705732,0.0,68.0,-1.6361978140913636,0.0
786432,153.77052469999998,76.57052482515716,0.0,77.2,-2.3291589390153637,0.0
788480,176.573586,87.57612942817948,0.0,88.99745655,-2.8618709726063845,0.0
790528,106.1334233,52.925164710084076,0.0,53.208258609,-1.9001105613700933,0.0
792576,176.6044963,87.71363273480033,0.0,88.890863579,-2.6739224555074337,0.0
794624,136.536059,67.94329927195395,0.0,68.59275964999999,-1.713944814494574,0.0
796672,128.2490428,63.950190406257335,0.0,64.29885232000001,-1.5840219395341357,0.0
798720,149.32028820000002,74.32028821249807,0.0,75.0,-1.977694865409168,0.0
800768,158.4837375,78.68436955434501,0.0,79.79936801,-2.6901684605153267,0.0
802816,128.00293200000002,63.50356394018511,0.0,64.49936801,-2.1836479349162996,0.0
804864,181.2956895,89.90219034065987,0.0,91.39349929,-2.812545704165566,0.0
806912,149.6856978,74.18643751742256,0.0,75.49926036000001,-2.7416940238675984,0.0
808960,146.8837769,72.89295098362888,0.0,73.990825943,-2.497093745119731,0.0
811008,144.0675039,71.46750396361782,0.0,72.6,-2.3381381848559952,0.0
813056,176.43568839999998,87.33568827140425,0.0,89.1,-2.992641466383573,0.0
815104,158.5709969,78.37447818440344,0.0,80.19651873400001,-3.0266972224554736,0.0
817152,154.9736132,76.97570901095676,0.0,77.99790426,-2.055432965142427,0.0
819200,122.00050860000002,60.60050856668215,0.0,61.4,-2.42827587210174,0.0
821248,162.60957969999998,80.31057483086737,0.0,82.29900502000001,-3.8177077626037663,0.0
823296,149.86698810000001,74.40518151123074,0.0,75.461806644,-2.0342089929425073,0.0
825344,162.39317929999999,80.49967999067275,0.0,81.89349929,-2.5811287456659855,0.0
827392,116.8048621,58.205601821619766,0.0,58.59926036,-1.8254705208009958,0.0
829440,152.51839480000004,75.21902678247167,0.0,77.29936801,-4.167219146498185,0.0
831488,161.9778436,80.17784350278745,0.0,81.8,-3.6649878778998257,0.0
833536,147.3250292,73.32504041214297,0.0,73.999988693,-1.5090135050173106,0.0
835584,99.25080290000001,49.24122453908312,0.0,50.009578458,-2.2694109110521823,0.0
837632,143.66687810000002,71.48445997263491,0.0,72.182418063,-1.9842031853950508,0.0
839680,96.8449206,48.34492063637681,0.0,48.5,-1.3850734346607594,0.0
841728,125.03264060000001,62.133206636800274,0.0,62.899433980000005,-2.2515131493507208,0.0
843776,158.70133330000002,78.69642263873854,0.0,80.00491071399999,-2.9644520254353797,0.0
845824,107.100379,53.202788327212104,0.0,53.89759063500001,-2.154234285142723,0.0
847872,97.3411118,48.54392471558459,0.0,48.797186958,-1.4913813889648575,0.0
849920,148.9569769,74.05697676415681,0.0,74.9,-2.452191331250382,0.0
851968,168.1307114,83.13071142958447,0.0,85.0,-4.282850751102005,0.0
854016,118.74595060000001,59.14837081925636,0.0,59.597579603999996,-1.7655463269769995,0.0
856064,141.64304760000002,70.43786889906794,0.0,71.2051785607,-2.3811995430648016,0.0
858112,149.5858437,74.09078404297318,0.0,75.49505964,-3.3580775650497907,0.0
860160,158.32220510000002,78.42220506293927,0.0,79.9,-3.4441467044314713,0.0
862208,150.8481446,74.74922213680877,0.0,76.098922479,-3.5187683313960223,0.0
864256,168.5468292,83.64682916449468,0.0,84.9,-3.14499391698125,0.0
866304,128.0836591,63.68647429158523,0.0,64.397184674,-2.206803854748075,0.0
868352,152.41722929999997,75.69664908858633,0.0,76.72058003340001,-2.931244539608305,0.0
870400,166.7762882,82.8714528402803,0.0,83.90483529069999,-2.3389017013788282,0.0
872448,123.77320160000002,61.576860911325014,0.0,62.196340660400004,-1.7551607566491199,0.0
874496,134.53186929999998,66.73837000568727,0.0,67.79349929,-2.445194489367911,0.0
876544,168.3029556,83.30789587118772,0.0,84.99505964,-2.9927855100955427,0.0
878592,130.1376932,64.63769313507626,0.0,65.5,-2.1309799534161216,0.0
880640,162.9364641,80.85826692026947,0.0,82.07819715000001,-2.626653608022776,0.0
882688,170.47922979999998,84.5792297645129,0.0,85.9,-2.846376908968235,0.0
884736,139.1701685,69.27128508618937,0.0,69.898883384,-1.7705913953584038,0.0
886784,153.6814075,75.9606236784465,0.0,77.720783918,-3.4145716053564095,0.0
888832,151.98733959999998,75.69028507427063,0.0,76.297054454,-1.786069575769527,0.0
890880,120.720834,59.85041004372755,0.0,60.870424052,-2.6575461008084247,0.0
892928,179.78662430000003,89.08736397335555,0.0,90.69926036,-3.08147736179065,0.0
894976,129.37481029999998,64.28092827279121,0.0,65.09388204,-2.0808069085135,0.0
897024,133.2512926,66.25431328084976,0.0,66.99697943999999,-2.23167846259155,0.0
899072,180.553334,89.58751160497238,0.0,90.96582241,-2.8576323180669307,0.0
901120,143.4429858,71.01685031861425,0.0,72.426135414,-3.3927386699561595,0.0
903168,142.27332810000001,70.57529235688534,0.0,71.69803570500001,-2.802974350396539,0.0
905216,135.80686340000003,67.50686352585845,0.0,68.3,-2.5827745127070694,0.0
907264,155.59496030000003,77.40063634982562,0.0,78.19432386999999,-1.9235500839836799,0.0
909312,101.0251384,50.336662160106385,0.0,50.688476217,-1.3236865262961408,0.0
911360,150.2935991,74.5981007146824,0.0,75.69549844000001,-2.5843492420207808,0.0
913408,150.35000680000002,74.9500069020796,0.0,75.4,-1.391469344663246,0.0
915456,166.67133729999998,82.67255560429396,0.0,83.998781747,-3.149370950284019,0.0
917504,172.807109,85.90710902270436,0.0,86.9,-2.526778802251812,0.0
919552,144.4696779,71.86967797345224,0.0,72.6,-2.3583508140575415,0.0
921600,109.1098946,54.20989472785303,0.0,54.9,-2.4461656447979676,0.0
923648,185.9464779,92.44647782690069,0.0,93.5,-2.4542466731385604,0.0
925696,141.058446,70.25844586658101,0.0,70.8,-1.5157343901448792,0.0
927744,168.79667669999998,83.69809378196639,0.0,85.09858292300001,-2.7677848699198013,0.0
929792,132.8647418,66.16646779143613,0.0,66.698274094,-1.8751198307979096,0.0
931840,154.59266910000002,76.69463326312106,0.0,77.898035717,-2.313573554759973,0.0
933888,160.34515660000002,79.34627315815251,0.0,80.998883384,-3.1833942713925802,0.0
935936,145.0739069,72.08213347852717,0.0,72.991773396,-1.9042210488833025,0.0
937984,166.0803052,82.48030524436945,0.0,83.6,-2.6424999432049034,0.0
940032,164.45740849999999,81.75740844659887,0.0,82.7,-2.268556696447051,0.0
942080,176.98532389999997,87.78532392714551,0.0,89.2,-3.196906279144362,0.0
944128,154.7591081,76.8640484964827,0.0,77.89505964,-2.5047887573530185,0.0
946176,151.51670120000003,75.41670115179616,0.0,76.1,-2.473006060997485,0.0
948224,162.7166565,80.61987041928005,0.0,82.09678609000001,-2.7893061935894647,0.0
950272,109.05075100000002,54.35777681177821,0.0,54.69297417,-1.4489518714087593,0.0
952320,132.2758499,65.97584993514259,0.0,66.3,-1.5266339287964412,0.0
954368,141.2478484,70.14900956414017,0.0,71.098838836,-2.3640105970419256,0.0
956416,156.7047838,78.00478380755617,0.0,78.7,-1.846632597190903,0.0
958464,137.10556079999998,68.31300091904367,0.0,68.792560005,-1.9698813952162104,0.0
960512,183.36971169999998,91.28646782333435,0.0,92.08324397,-2.1199163178309206,0.0
962560,144.3045353,71.59618157355095,0.0,72.708353688,-2.4059281179699066,0.0
964608,183.72973919999998,91.08170333347108,0.0,92.64803570199999,-2.842306023334304,0.0
966656,170.4360168,84.53601667625999,0.0,85.9,-2.6278229256059875,0.0
968704,151.92517460000002,75.52833196239264,0.0,76.39684267999999,-2.2664119215378786,0.0
970752,145.442812,72.24281204455234,0.0,73.2,-2.2515263893148725,0.0
972800,184.8428577,91.64285780697062,0.0,93.2,-2.797306645736368,0.0
974848,150.4762986,74.87629873875666,0.0,75.6,-2.0416344890405465,0.0
976896,150.82210249999997,74.9221022782111,0.0,75.9,-2.276167253072653,0.0
978944,137.1091553,68.20915516609516,0.0,68.9,-2.0310406768596994,0.0
980992,168.41545259999998,83.21812651752036,0.0,85.197326034,-3.843150211921018,0.0
983040,145.827025,72.60092403575382,0.0,73.226100895,-1.753778150879069,0.0
985088,133.5580759,66.25807588759395,0.0,67.3,-2.3920316503985224,0.0
987136,142.59044659999998,70.79288598169933,0.0,71.797560664,-1.9972163406450847,0.0
989184,179.2886819,88.9143208472202,0.0,90.37436101,-2.989328584653611,0.0
991232,169.2145101,83.68832579444992,0.0,85.526184077,-3.551828872684132,0.0
993280,185.02635249999997,91.7263525475775,0.0,93.3,-3.0896433936643724,0.0
995328,179.9421334,89.2421334568354,0.0,90.7,-2.875412204153664,0.0
997376,146.5845317,72.88453168730315,0.0,73.7,-2.1979405204882765,0.0
999424,130.83099280000002,65.33099277932281,0.0,65.5,-1.2078692507333921,0.0
